[
  {
    "installed_date": "2025-02-02T19:16:38.599922",
    "last_updated": "2025-02-02T19:16:38.599922",
    "name": "PostgreSQL",
    "previous_version": null,
    "status": "active",
    "update_count": 0,
    "version": "17.2-3",
    "version_history": []
  },
  {
    "installed_date": "2025-02-02T19:16:41.198601",
    "last_updated": "2025-02-02T19:16:41.198601",
    "name": "Python",
    "previous_version": null,
    "status": "active",
    "update_count": 0,
    "version": "3.12.7",
    "version_history": []
  },
  {
    "installed_date": "2025-02-02T19:16:56.167922",
    "last_updated": "2025-02-02T19:16:56.167922",
    "name": "Node.js",
    "previous_version": null,
    "status": "active",
    "update_count": 0,
    "version": "22.13.1",
    "version_history": []
  },
  {
    "installed_date": "2025-02-02T19:17:25.615247",
    "last_updated": "2025-02-02T19:17:25.615247",
    "name": "Visual Studio Code",
    "previous_version": null,
    "status": "active",
    "update_count": 0,
    "version": "1.96.4",
    "version_history": []
  },
  {
    "installed_date": "2025-02-02T19:18:45.517703",
    "last_updated": "2025-02-02T19:18:45.517703",
    "name": "Nginx",
    "previous_version": null,
    "status": "active",
    "update_count": 0,
    "version": "1.26.2",
    "version_history": []
  },
  {
    "installed_date": "2025-02-02T19:19:13.601907",
    "last_updated": "2025-02-02T19:19:13.601907",
    "name": "PHP",
    "previous_version": null,
    "status": "active",
    "update_count": 0,
    "version": "7.4.9",
    "version_history": []
  },
  {
    "installed_date": "2025-02-02T21:10:31.345976",
    "last_updated": "2025-02-02T21:10:31.345976",
    "name": "GitHub Desktop",
    "previous_version": null,
    "status": "active",
    "update_count": 0,
    "version": "3.4.15",
    "version_history": []
  }
]